category,brand_name,name,price,rating,url,num_review,score
Face Brushes,Hourglass,Vanish Foundation Brush,46,4.7319,http://www.sephora.com/vanish-foundation-brush-P410535,1412.0,1134.6000000000001
Face Brushes,Kat Von D,Lock-It Edge Concealer Brush,24,4.6057,http://www.sephora.com/lock-it-edge-concealer-brush-P409975,1266.0,1015.6
Face Brushes,Kat Von D,Lock-It Setting Powder Brush,38,4.7728,http://www.sephora.com/lock-it-setting-powder-brush-P409989,1206.0,969.0000000000001
Face Brushes,tarte,Airbrush Finish Bamboo Foundation Brush,34,4.6829,http://www.sephora.com/airbrush-finish-bamboo-foundation-brush-P302919,1158.0,930.2
Face Brushes,SEPHORA COLLECTION,PRO Flawless Airbrush #56,32,4.7554,http://www.sephora.com/pro-flawless-airbrush-56-P313012,739.0,594.8000000000001
Fine Lines & Wrinkles,Shiseido,Benefiance WrinkleResist24 Intensive Eye Contour Cream,57,4.2723,http://www.sephora.com/benefiance-wrinkleresist24-intensive-eye-contour-cream-P173620,1537.0,1235.7
Fine Lines & Wrinkles,philosophy,Miracle Worker™ Miraculous Anti-aging Retinoid Pads and Solution,75,4.1531,http://www.sephora.com/miracle-worker-miraculous-anti-aging-retinoid-pads-solution-P254602,1208.0,974.3000000000001
Fine Lines & Wrinkles,philosophy,Help Me,49,4.3736,http://www.sephora.com/help-me-P4647,1143.0,919.7
Fine Lines & Wrinkles,philosophy,Miraculous Anti-wrinkle Miracle Worker,60,4.3136,http://www.sephora.com/anti-wrinkle-miracle-worker-P254209,1113.0,896.8000000000001
Fine Lines & Wrinkles,Perricone MD,Face Finishing Moisturizer,75,4.2627,http://www.sephora.com/face-finishing-moisturizer-P211304,1021.0,824.7
Men's,Bite Beauty,Agave Lip Mask,26,4.4234,http://www.sephora.com/agave-lip-mask-P384629,2845.0,2279.0
Men's,Jack Black,Intense Therapy Lip Balm SPF 25,7,4.6912,http://www.sephora.com/intense-therapy-lip-balm-spf-25-P12573,2647.0,2118.7
Men's,Bumble and bumble,Surf Spray,16,3.6327,http://www.sephora.com/surf-spray-P280513,2090.0,1673.9
Men's,boscia,Detoxifying Black Cleanser,10,4.2863,http://www.sephora.com/detoxifying-black-cleanser-P302940,1920.0,1537.4
Men's,Perfekt,Skin Perfection Gel,19,4.0603,http://www.sephora.com/skin-perfection-gel-P119802,1742.0,1395.9
Makeup Removers,Lancôme,BI-FACIL - Double-Action Eye Makeup Remover,15,4.6813,http://www.sephora.com/bi-facil-double-action-eye-makeup-remover-P54477,2984.0,2389.1000000000004
Makeup Removers,SEPHORA COLLECTION,Waterproof Eye Makeup Remover,7,4.4093,http://www.sephora.com/waterproof-eye-makeup-remover-P276319,2896.0,2317.9
Makeup Removers,boscia,MakeUp-BreakUp Cool Cleansing Oil,10,4.4689,http://www.sephora.com/makeup-breakup-cool-cleansing-oil-P254604,2174.0,1740.6000000000001
Makeup Removers,CLINIQUE,"Take The Day Off Makeup Remover For Lids, Lashes & Lips",9,4.5712,http://www.sephora.com/take-the-day-off-makeup-remover-for-lids-lashes-lips-P122735,2097.0,1678.9
Makeup Removers,MAKE UP FOR EVER,Sens’Eyes - Waterproof Sensitive Eye Cleanser,11,4.414,http://www.sephora.com/sens-eyes-waterproof-sensitive-eye-cleanser-P171101,1993.0,1595.9
Face Masks,GLAMGLOW,SUPERMUD® Clearing Treatment,69,4.2119,http://www.sephora.com/super-mud-clearing-treatment-P376409,3495.0,2803.3
Face Masks,boscia,Luminizing Black Mask,34,3.9049,http://www.sephora.com/luminizing-black-mask-P266800,3450.0,2763.7
Face Masks,Origins,Clear Improvement® Active Charcoal Mask to Clear Pores,4,4.3336,http://www.sephora.com/clear-improvement-active-charcoal-mask-to-clear-pores-P297524,2825.0,2260.8
Face Masks,GLAMGLOW,YOUTHMUD™ Tinglexfoliate Treatment,22,4.0597,http://www.sephora.com/youthmud-tinglexfoliate-treatment-P375741,1938.0,1553.0
Face Masks,KORRES,Wild Rose + Vitamin C Advanced Brightening Sleeping Facial,48,4.2492,http://www.sephora.com/wild-rose-vitamin-c-advanced-brightening-sleeping-facial-P306883,1483.0,1191.6000000000001
Lipstick,Kat Von D,Everlasting Liquid Lipstick,20,4.305,http://www.sephora.com/everlasting-love-liquid-lipstick-P384954,10138.0,8112.8
Lipstick,SEPHORA COLLECTION,Cream Lip Stain,7,4.3426,http://www.sephora.com/cream-lip-stain-P281411,6158.0,4927.500000000001
Lipstick,NARS,Lipstick,28,4.437,http://www.sephora.com/lipstick-P2865,6015.0,4815.2
Lipstick,NARS,Velvet Matte Lip Pencil,27,4.4782,http://www.sephora.com/velvet-matte-lip-pencil-P78834,4282.0,3428.7000000000003
Lipstick,Bite Beauty,Amuse Bouche Lipstick,26,4.6529,http://www.sephora.com/amuse-bouche-lipstick-P405057,4176.0,3343.8
Lotions & Oils,philosophy,Amazing Grace Firming Body Emulsion,37,4.621,http://www.sephora.com/amazing-grace-firming-body-emulsion-P7411,1266.0,1016.9000000000001
Lotions & Oils,Viktor & Rolf,Flowerbomb Precious Oil,75,4.7357,http://www.sephora.com/flowerbomb-precious-oil-P407899,454.0,371.1
Lotions & Oils,philosophy,Pure Grace Perfumed Body Lotion,37,4.5159,http://www.sephora.com/pure-grace-perfumed-body-lotion-P157011,347.0,281.70000000000005
Lotions & Oils,philosophy,Unconditional Love Firming Body Emulsion,37,4.6169,http://www.sephora.com/unconditional-love-firming-body-emulsion-P234102,248.0,202.5
Lotions & Oils,philosophy,Falling in Love Firming Body Emulsion,37,4.5181,http://www.sephora.com/falling-in-love-perfumed-romantic-body-lotion-P56306,166.0,136.9
Hair Oil,Josie Maran,100 percent Pure Argan Oil,16,4.518,http://www.sephora.com/100-percent-pure-argan-oil-P218700,6659.0,5329.200000000001
Hair Oil,Bumble and bumble,Hairdresser’s Invisible Oil,22,4.5,http://www.sephora.com/hairdresser-s-invisible-oil-P375391,1335.0,1070.6
Hair Oil,Josie Maran,100 percent Pure Argan Oil Light,16,4.3986,http://www.sephora.com/100-pure-argan-oil-light-P380805,1280.0,1026.0
Hair Oil,Caudalie,Divine Oil,32,4.4566,http://www.sephora.com/divine-oil-P374502,867.0,697.2
Hair Oil,ALTERNA Haircare,Bamboo Smooth Kendi Oil Dry Oil Mist,25,4.5501,http://www.sephora.com/bamboo-smooth-kendi-oil-dry-oil-mist-P278004,810.0,650.9
Bath & Body,LAVANILA,The Healthy Deodorant,8,3.7761,http://www.sephora.com/the-healthy-deodorant-P237120,3893.0,3115.5
Bath & Body,L’Occitane,Hand Creams,12,4.545,http://www.sephora.com/hand-creams-P307907,1551.0,1242.4
Bath & Body,philosophy,"Amazing Grace Shampoo, Bath & Shower Gel",25,4.6498,http://www.sephora.com/amazing-grace-bath-shampoo-shower-gel-P4682,1342.0,1076.5000000000002
Bath & Body,philosophy,Amazing Grace Firming Body Emulsion,37,4.621,http://www.sephora.com/amazing-grace-firming-body-emulsion-P7411,1266.0,1016.9000000000001
Bath & Body,Josie Maran,Whipped Argan Oil Body Butter,12,4.5369,http://www.sephora.com/whipped-argan-oil-body-butter-P287700,1008.0,808.0000000000001
Foundation,bareMinerals,bareMinerals Original Foundation Broad Spectrum SPF 15,28,4.617,http://www.sephora.com/bareminerals-original-foundation-broad-spectrum-spf-15-P61003,18912.0,15132.800000000001
Foundation,Kat Von D,Lock-It Foundation,35,3.9931,http://www.sephora.com/lock-it-tattoo-foundation-P311138,8880.0,7107.8
Foundation,bareMinerals,bareMinerals Matte Foundation Broad Spectrum SPF 15,28,4.3849,http://www.sephora.com/bareminerals-matte-foundation-broad-spectrum-spf-15-P240604,7540.0,6035.2
Foundation,MAKE UP FOR EVER,Mat Velvet + Mattifying Foundation,39,4.2189,http://www.sephora.com/mat-velvet-matifying-foundation-P177117,6084.0,4871.5
Foundation,Urban Decay,Naked Skin Weightless Ultra Definition Liquid Makeup,40,4.232,http://www.sephora.com/naked-weightless-ultra-definition-liquid-makeup-P374830,5541.0,4437.2
Face Serums,Ole Henriksen,Truth Serum®,48,4.3042,http://www.sephora.com/truth-serum-P42343,3209.0,2572.4
Face Serums,Dr. Brandt Skincare,pores no more® pore refiner primer,22,4.3011,http://www.sephora.com/pores-no-more-pore-refiner-primer-P139005,2505.0,2006.6
Face Serums,CLINIQUE,Even Better Clinical Dark Spot Corrector,49,3.6668,http://www.sephora.com/even-better-clinical-dark-spot-corrector-P257535,2140.0,1717.2
Face Serums,Kate Somerville,EradiKate™ Acne Treatment,26,4.2958,http://www.sephora.com/eradikate-acne-treatment-P232903,2129.0,1706.2
Face Serums,GLAMGLOW,YOUTHMUD™ Tinglexfoliate Treatment,22,4.0597,http://www.sephora.com/youthmud-tinglexfoliate-treatment-P375741,1938.0,1553.0
Mascara,Benefit Cosmetics,They’re Real! Lengthening & Volumizing Mascara,12,4.1571,http://www.sephora.com/they-re-real-lengthening-volumizing-mascara-P289307,13048.0,10440.000000000002
Mascara,Too Faced,Better Than Sex Mascara,12,3.7654,http://www.sephora.com/better-than-sex-mascara-P381000,8809.0,7048.700000000001
Mascara,Buxom,Lash Mascara,20,4.3602,http://www.sephora.com/buxom-lash-mascara-P228204,8141.0,6515.2
Mascara,Benefit Cosmetics,BADgal Lash Mascara,10,4.0343,http://www.sephora.com/badgal-lash-mascara-P49014,6152.0,4923.0
Mascara,tarte,"Lights, Camera, Lashes™ 4-in-1 Mascara",21,4.2331,http://www.sephora.com/lights-camera-lashes-P111902,4980.0,3986.5
Lip Balms & Treatments,Fresh,Sugar Lip Treatment Sunscreen SPF 15,24,4.4949,http://www.sephora.com/sugar-lip-treatment-spf-15-P57002,7997.0,6400.400000000001
Lip Balms & Treatments,Rosebud Perfume Co.,Rosebud Salve,6,4.6915,http://www.sephora.com/rosebud-salve-P42204,4514.0,3612.2000000000003
Lip Balms & Treatments,KORRES,Lip Butter,12,4.4502,http://www.sephora.com/lip-butter-P199109,4107.0,3287.2000000000003
Lip Balms & Treatments,Dior,Dior Addict Lip Glow,33,4.3781,http://www.sephora.com/dior-addict-lip-glow-P236816,3740.0,2995.7
Lip Balms & Treatments,Bite Beauty,Agave Lip Mask,26,4.4234,http://www.sephora.com/agave-lip-mask-P384629,2845.0,2279.0
Scalp & Hair Treatments,Phyto,Phytophanère Hair And Nails Dietary Supplement,30,4.1862,http://www.sephora.com/phytophanere-hair-nails-dietary-supplement-P2884,1193.0,957.8000000000001
Scalp & Hair Treatments,ALTERNA Haircare,CAVIAR CC Cream for Hair 10-in-1 Complete Correction,25,4.2898,http://www.sephora.com/caviar-cc-cream-for-hair-10-in-1-complete-correction-P378716,1019.0,818.1
Scalp & Hair Treatments,Madam C.J. Walker Beauty Culture,Dream Come True Wonderful Pre-Wash Protein Treatment,32,4.5899,http://www.sephora.com/dream-come-true-wonderful-pre-wash-protein-treatment-P407182,952.0,765.2
Scalp & Hair Treatments,ALTERNA Haircare,Bamboo Smooth Kendi Oil Dry Oil Mist,25,4.5501,http://www.sephora.com/bamboo-smooth-kendi-oil-dry-oil-mist-P278004,810.0,650.9
Scalp & Hair Treatments,Briogeo,"Don’t Despair, Repair!™ Deep Conditioning Mask",9,3.972,http://www.sephora.com/dont-despair-repair-deep-conditioning-mask-P388628,721.0,578.0000000000001
Perfume Gift Sets,Viktor & Rolf,Flowerbomb Travel Duo,35,4.4973,http://www.sephora.com/flowerbomb-travel-duo-P261810,928.0,746.3000000000001
Perfume Gift Sets,Elizabeth and James,Nirvana Mini Rollerball Set,25,4.4825,http://www.sephora.com/nirvana-mini-rollerball-set-P388655,144.0,118.10000000000001
Perfume Gift Sets,Commodity,Cocktail Kit,26,4.3917,http://www.sephora.com/cocktail-kit-P405907,121.0,99.80000000000001
Perfume Gift Sets,TOCCA,Girls On The Go,15,4.0556,http://www.sephora.com/girls-on-go-P396701,72.0,59.5
Perfume Gift Sets,Tory Burch,Tory Burch Mini Duo,20,4.5,http://www.sephora.com/tory-burch-mini-duo-P400568,70.0,58.4
Makeup Palettes,Urban Decay,Naked Palette,54,4.7768,http://www.sephora.com/naked-palette-P267200,7957.0,6371.400000000001
Makeup Palettes,Urban Decay,Naked2 Palette,54,4.6603,http://www.sephora.com/naked2-P302916,6545.0,5241.8
Makeup Palettes,Urban Decay,Naked3 Palette,54,4.4349,http://www.sephora.com/naked3-P384099,5476.0,4386.6
Makeup Palettes,Too Faced,Natural Eye Neutral Eye Shadow Collection,36,4.6597,http://www.sephora.com/natural-eye-neutral-eye-shadow-collection-P241303,4107.0,3289.6000000000004
Makeup Palettes,Anastasia Beverly Hills,Modern Renaissance Eye Shadow Palette,42,4.8266,http://www.sephora.com/modern-renaissance-eye-shadow-palette-P409118,4049.0,3243.8
Value & Gift Sets,Ole Henriksen,3 Little Wonders™,72,4.4105,http://www.sephora.com/3-little-wonders-P124716,1845.0,1483.6
Value & Gift Sets,Ole Henriksen,Power Bright™ 3-Step Professional Brightening System,55,4.508,http://www.sephora.com/power-bright-3-step-professional-brightening-system-P409830,1370.0,1101.9
Value & Gift Sets,CLINIQUE,Acne Solutions Clear Skin System Starter Kit,27,3.957,http://www.sephora.com/acne-solutions-clear-skin-system-starter-kit-P188308,1303.0,1045.4
Value & Gift Sets,SUNDAY RILEY,Power Couple Duo: Total Transformation Kit,85,4.3096,http://www.sephora.com/power-couple-duo-total-transformation-kit-P402718,668.0,543.3
Value & Gift Sets,Erno Laszlo,Detoxifying Double Cleanse Travel Set,28,4.5494,http://www.sephora.com/detoxifying-double-cleanse-travel-set-P413434,415.0,335.2
Curls & Coils,Bumble and bumble,Hairdresser’s Invisible Oil,22,4.5,http://www.sephora.com/hairdresser-s-invisible-oil-P375391,1344.0,1077.8
Curls & Coils,ALTERNA Haircare,CAVIAR CC Cream for Hair 10-in-1 Complete Correction,25,4.2898,http://www.sephora.com/caviar-cc-cream-for-hair-10-in-1-complete-correction-P378716,1020.0,818.9
Curls & Coils,Ouidad,Climate Control® Heat & Humidity Gel,26,4.2347,http://www.sephora.com/climate-control-heat-humidity-gel-P242148,969.0,778.2
Curls & Coils,Bumble and bumble,Hairdresser’s Invisible Oil Primer,12,4.5767,http://www.sephora.com/hairdresser-s-invisible-oil-primer-P386464,874.0,700.8000000000001
Curls & Coils,ALTERNA Haircare,Bamboo Smooth Kendi Oil Dry Oil Mist,25,4.5501,http://www.sephora.com/bamboo-smooth-kendi-oil-dry-oil-mist-P278004,810.0,650.9
Dryness,philosophy,Hope In A Jar,44,3.9925,http://www.sephora.com/hope-in-a-jar-P4633,6666.0,5337.5
Dryness,Josie Maran,100 percent Pure Argan Oil,16,4.518,http://www.sephora.com/100-percent-pure-argan-oil-P218700,6659.0,5329.200000000001
Dryness,First Aid Beauty,Ultra Repair® Cream Intense Hydration,6,4.5936,http://www.sephora.com/ultra-repair-cream-intense-hydration-P248407,5174.0,4140.2
Dryness,CLINIQUE,Dramatically Different Moisturizing Gel,5,4.4652,http://www.sephora.com/dramatically-different-moisturizing-gel-P122900,2929.0,2344.1000000000004
Dryness,CLINIQUE,Moisture Surge Extended Thirst Relief,12,4.4998,http://www.sephora.com/moisture-surge-extended-thirst-relief-P209117,2394.0,1916.8
Dark Spots,Ole Henriksen,Truth Serum®,48,4.3042,http://www.sephora.com/truth-serum-P42343,3209.0,2572.4
Dark Spots,KORRES,Wild Rose 24-Hour Moisturizing & Brightening Cream,38,4.4185,http://www.sephora.com/wild-rose-24-hour-moisturizing-brightening-cream-P61805,1511.0,1213.0
Dark Spots,KORRES,Wild Rose + Vitamin C Advanced Brightening Sleeping Facial,48,4.2492,http://www.sephora.com/wild-rose-vitamin-c-advanced-brightening-sleeping-facial-P306883,1483.0,1191.6000000000001
Dark Spots,Murad,Rapid Age Spot and Pigment Lightening Serum,65,3.8718,http://www.sephora.com/rapid-age-spot-pigment-lightening-serum-P4009,1238.0,997.2
Dark Spots,SUNDAY RILEY,Good Genes All-In-One Lactic Acid Treatment,105,4.2953,http://www.sephora.com/good-genes-all-in-one-lactic-acid-treatment-P309308,1160.0,938.9
Hair Styling Products,Living Proof,Full Thickening Cream,15,4.1272,http://www.sephora.com/full-thickening-cream-P254603,2161.0,1730.7000000000003
Hair Styling Products,Bumble and bumble,Surf Spray,16,3.6327,http://www.sephora.com/surf-spray-P280513,2090.0,1673.9
Hair Styling Products,Drybar,Detox Dry Shampoo,13,3.8006,http://www.sephora.com/detox-dry-shampoo-P378169,1617.0,1295.2
Hair Styling Products,Living Proof,Prime Style Extender™,12,4.3771,http://www.sephora.com/prime-style-extender-P375668,1420.0,1137.6
Hair Styling Products,Bumble and bumble,Hairdresser’s Invisible Oil,22,4.5,http://www.sephora.com/hairdresser-s-invisible-oil-P375391,1344.0,1077.8
Shampoo,Living Proof,No Frizz Shampoo,10,4.1135,http://www.sephora.com/no-frizz-shampoo-P244509,706.0,566.2
Shampoo,Living Proof,Full Shampoo,10,4.1625,http://www.sephora.com/full-shampoo-P270706,567.0,455.0
Shampoo,Bumble and bumble,Thickening Shampoo,11,3.8064,http://www.sephora.com/thickening-shampoo-P280566,563.0,451.8
Shampoo,ALTERNA Haircare,CAVIAR Anti-Aging® Replenishing Moisture Shampoo,9,4.3067,http://www.sephora.com/caviar-anti-aging-replenishing-moisture-shampoo-P269705,542.0,434.90000000000003
Shampoo,Living Proof,Perfect Hair Day Shampoo,10,3.8152,http://www.sephora.com/perfect-hair-day-shampoo-P384533,527.0,422.90000000000003
Face Oils,Josie Maran,100 percent Pure Argan Oil,16,4.518,http://www.sephora.com/100-percent-pure-argan-oil-P218700,6659.0,5329.200000000001
Face Oils,Josie Maran,Argan Cleansing Oil,32,4.1003,http://www.sephora.com/argan-cleansing-oil-P283501,1651.0,1324.4
Face Oils,tarte,Maracuja Oil,15,4.4568,http://www.sephora.com/pure-maracuja-oil-P376726,1639.0,1313.1000000000001
Face Oils,Josie Maran,100 percent Pure Argan Oil Light,16,4.3986,http://www.sephora.com/100-pure-argan-oil-light-P380805,1280.0,1026.0
Face Oils,Fresh,Seaberry Moisturizing Face Oil,52,4.4502,http://www.sephora.com/seaberry-moisturizing-face-oil-P374948,1256.0,1010.4000000000001
Face Sunscreen,Laura Mercier,Tinted Moisturizer Broad Spectrum SPF 20,24,4.4306,http://www.sephora.com/tinted-moisturizer-broad-spectrum-P109936,4038.0,3233.2000000000003
Face Sunscreen,Laura Mercier,Tinted Moisturizer Broad Spectrum SPF 20 - Oil Free,44,4.2898,http://www.sephora.com/tinted-moisturizer-broad-spectrum-oil-free-P140906,3867.0,3098.4000000000005
Face Sunscreen,Smashbox,Camera Ready BB Cream SPF 35,39,4.034,http://www.sephora.com/camera-ready-bb-cream-spf-35-P300339,3031.0,2429.1000000000004
Face Sunscreen,tarte,BB Tinted Treatment 12-Hour Primer Broad Spectrum SPF 30 Sunscreen,14,4.2799,http://www.sephora.com/bb-tinted-treatment-12-hour-primer-broad-spectrum-spf-30-sunscreen-P377542,2900.0,2321.8
Face Sunscreen,NARS,Pure Radiant Tinted Moisturizer Broad Spectrum SPF 30,45,4.4019,http://www.sephora.com/pure-radiant-tinted-moisturizer-spf-30-pa-P302923,2152.0,1726.5000000000002
Rollerballs & Travel Size,Viktor & Rolf,Flowerbomb Travel Duo,35,4.4973,http://www.sephora.com/flowerbomb-travel-duo-P261810,928.0,746.3000000000001
Rollerballs & Travel Size,Giorgio Armani Beauty,Acqua di Gioia Rollerball,24,4.6812,http://www.sephora.com/acqua-di-gioia-rollerball-P377446,848.0,681.2
Rollerballs & Travel Size,Elizabeth and James,Nirvana Black Rollerball,25,4.5,http://www.sephora.com/nirvana-black-rollerball-P384462,339.0,274.09999999999997
Rollerballs & Travel Size,Elizabeth and James,Nirvana White Rollerball,25,4.3811,http://www.sephora.com/nirvana-white-rollerball-P384464,265.0,214.9
Rollerballs & Travel Size,LAVANILA,Vanilla Coconut Roller-Ball,19,4.4331,http://www.sephora.com/vanilla-coconut-roller-ball-P237119,254.0,205.50000000000003
Mists & Essences,Caudalie,Beauty Elixir,18,4.3017,http://www.sephora.com/beauty-elixir-P6025,2380.0,1906.2
Mists & Essences,Evian,Mineral Water Spray Duo To Go,15,4.582,http://www.sephora.com/mineral-water-spray-duo-to-go-P230538,1324.0,1061.1000000000001
Mists & Essences,Smashbox,Photo Finish Primer Water,16,4.0719,http://www.sephora.com/smashbox-photo-finish-primer-water-P392347,860.0,690.0
Mists & Essences,MAKE UP FOR EVER,Mist & Fix Setting Spray,14,4.2527,http://www.sephora.com/mist-fix-setting-spray-P386660,741.0,594.6
Mists & Essences,Supergoop!,Defense Refresh Setting Mist SPF 50,12,3.3263,http://www.sephora.com/defense-refresh-setting-mist-spf-50-P396249,669.0,536.7
Color Correct,MAKE UP FOR EVER,Step 1 Skin Equalizer Primer,17,3.6393,http://www.sephora.com/step-1-skin-equalizer-primer-P393965,2098.0,1680.4
Color Correct,Smashbox,Photo Finish Color Correcting Foundation Primer,16,3.8985,http://www.sephora.com/photo-finish-color-correcting-foundation-primer-P78811,1974.0,1581.1000000000001
Color Correct,Benefit Cosmetics,Lemon-Aid Color-Correcting Eyelid Primer,20,4.1969,http://www.sephora.com/lemon-aid-P1283,1295.0,1038.4
Color Correct,Laura Mercier,Eye Basics,28,4.4374,http://www.sephora.com/eye-basics-P109927,1183.0,949.6000000000001
Color Correct,Bobbi Brown,Corrector,25,4.3345,http://www.sephora.com/corrector-P270555,1129.0,906.1
Blush,NARS,Blush,30,4.6709,http://www.sephora.com/blush-P2855,16428.0,13145.800000000001
Blush,tarte,Amazonian Clay 12-Hour Blush,28,4.6326,http://www.sephora.com/amazonian-clay-12-hour-blush-P278610,4279.0,3426.4
Blush,Benefit Cosmetics,Benetint Cheek & Lip Stain,30,4.2627,http://www.sephora.com/benetint-cheek-lip-stain-P1272,2738.0,2193.8
Blush,NARS,The Multiple,39,4.3558,http://www.sephora.com/the-multiple-P2866,2509.0,2011.5
Blush,NARS,Blush/Bronzer Duo,24,4.4972,http://www.sephora.com/blush-bronzer-duo-P104006,2472.0,1980.4
Shaving,Jack Black,Beard Lube® Conditioning Shave,11,4.7915,http://www.sephora.com/beard-lube-conditioning-shave-P12569,422.0,339.1
Shaving,Anthony,Shave Cream,18,4.7696,http://www.sephora.com/shave-cream-P9022,191.0,155.0
Shaving,The Art of Shaving,Shaving Cream - Unscented,17,4.7099,http://www.sephora.com/shaving-cream-unscented-P225342,131.0,106.9
Shaving,Anthony,Ingrown Hair Treatment,32,4.2033,http://www.sephora.com/ingrown-hair-treatment-P170545,123.0,102.0
Shaving,Jack Black,Supreme Cream Triple Cushion™ Shave Lather,13,4.824,http://www.sephora.com/supreme-cream-triple-cushion-shave-lather-P183733,125.0,101.7
Frizz,Living Proof,Prime Style Extender™,12,4.3771,http://www.sephora.com/prime-style-extender-P375668,1420.0,1137.6
Frizz,Bumble and bumble,Hairdresser’s Invisible Oil,22,4.5,http://www.sephora.com/hairdresser-s-invisible-oil-P375391,1344.0,1077.8
Frizz,ALTERNA Haircare,CAVIAR CC Cream for Hair 10-in-1 Complete Correction,25,4.2898,http://www.sephora.com/caviar-cc-cream-for-hair-10-in-1-complete-correction-P378716,1020.0,818.9
Frizz,Ouidad,Climate Control® Heat & Humidity Gel,26,4.2347,http://www.sephora.com/climate-control-heat-humidity-gel-P242148,969.0,778.2
Frizz,Bumble and bumble,Hairdresser’s Invisible Oil Primer,12,4.5767,http://www.sephora.com/hairdresser-s-invisible-oil-primer-P386464,874.0,700.8000000000001
Face Wash & Cleansers,philosophy,Purity Made Simple,11,4.5479,http://www.sephora.com/purity-made-simple-P7109,10290.0,8233.5
Face Wash & Cleansers,Fresh,Soy Face Cleanser,15,4.418,http://www.sephora.com/soy-face-cleanser-P7880,4935.0,3949.9
Face Wash & Cleansers,philosophy,The Microdelivery Exfoliating Facial Wash,28,4.6203,http://www.sephora.com/the-microdelivery-exfoliating-wash-P184109,2970.0,2379.2
Face Wash & Cleansers,First Aid Beauty,Face Cleanser,5,4.3781,http://www.sephora.com/face-cleanser-P248404,2626.0,2101.7000000000003
Face Wash & Cleansers,boscia,MakeUp-BreakUp Cool Cleansing Oil,10,4.4689,http://www.sephora.com/makeup-breakup-cool-cleansing-oil-P254604,2174.0,1740.6000000000001
Spa Tools,Clarisonic,Replacement Brush Head,27,4.6331,http://www.sephora.com/replacement-brush-head-P381575,885.0,711.1
Spa Tools,Clarisonic,Replacement Brush Head,27,4.6478,http://www.sephora.com/replacement-brush-head-P229205,849.0,682.3000000000001
Spa Tools,Clarisonic,Replacement Brush Head Twin-Pack,44,4.7075,http://www.sephora.com/replacement-brush-head-twin-pack-P393081,696.0,561.6
Spa Tools,Clarisonic,Replacement Brush Head Twin-Pack,44,4.7237,http://www.sephora.com/replacement-brush-head-twin-pack-P256821,656.0,529.6
Spa Tools,Foreo,LUNA™ mini,99,4.44,http://www.sephora.com/luna-mini-P387258,453.0,372.70000000000005
Damaged Hair,ALTERNA Haircare,CAVIAR CC Cream for Hair 10-in-1 Complete Correction,25,4.2898,http://www.sephora.com/caviar-cc-cream-for-hair-10-in-1-complete-correction-P378716,1020.0,818.9
Damaged Hair,Madam C.J. Walker Beauty Culture,Dream Come True Wonderful Pre-Wash Protein Treatment,32,4.5899,http://www.sephora.com/dream-come-true-wonderful-pre-wash-protein-treatment-P407182,952.0,765.2
Damaged Hair,ALTERNA Haircare,Bamboo Smooth Kendi Oil Dry Oil Mist,25,4.5501,http://www.sephora.com/bamboo-smooth-kendi-oil-dry-oil-mist-P278004,810.0,650.9
Damaged Hair,Living Proof,Perfect Hair Day™ 5-in-1 Styling Treatment,15,4.2306,http://www.sephora.com/perfect-hair-day-5-in-1-styling-treatment-P383223,746.0,598.7
Damaged Hair,Briogeo,"Don’t Despair, Repair!™ Deep Conditioning Mask",9,3.972,http://www.sephora.com/dont-despair-repair-deep-conditioning-mask-P388628,723.0,579.6
Cologne,Yves Saint Laurent,L’Homme,19,4.8596,http://www.sephora.com/l-homme-P180727,770.0,618.3
Cologne,Ralph Lauren,Polo Blue Eau de Parfum,36,4.7119,http://www.sephora.com/polo-blue-eau-de-parfum-P408252,611.0,492.8
Cologne,Viktor & Rolf,Spicebomb,55,4.6854,http://www.sephora.com/spicebomb-P376737,391.0,318.7
Cologne,Elizabeth and James,Nirvana Bourbon,25,4.1852,http://www.sephora.com/nirvana-bourbon-P410640,385.0,310.9
Cologne,DOLCE&GABBANA,Light Blue Pour Homme,56,4.7565,http://www.sephora.com/light-blue-pour-homme-P186402,346.0,282.8
Eyeliner,Urban Decay,24/7 Glide-On Eye Pencil,20,4.4219,http://www.sephora.com/24-7-glide-on-eye-pencil-P133707,14302.0,11444.0
Eyeliner,Kat Von D,Tattoo Liner,20,4.2768,http://www.sephora.com/tattoo-liner-P245205,9688.0,7752.8
Eyeliner,stila,Stay All Day® Waterproof Liquid Eye Liner,22,4.412,http://www.sephora.com/stay-all-day-waterproof-liquid-eye-liner-P253818,8523.0,6821.000000000001
Eyeliner,SEPHORA COLLECTION,Retractable Waterproof Eyeliner,12,4.2857,http://www.sephora.com/retractable-waterproof-eyeliner-P230234,5246.0,4198.400000000001
Eyeliner,Benefit Cosmetics,They’re Real! Push-Up Liner,12,2.7092,http://www.sephora.com/theyre-real-push-up-liner-P386915,4331.0,3466.2000000000003
Eye Brushes,Kat Von D,Lock-It Edge Concealer Brush,24,4.6057,http://www.sephora.com/lock-it-edge-concealer-brush-P409975,1266.0,1015.6
Eye Brushes,Anastasia Beverly Hills,Brush #12,18,4.7469,http://www.sephora.com/brush-12-P384059,892.0,715.8000000000001
Eye Brushes,Anastasia Beverly Hills,Brush #7B,18,4.5366,http://www.sephora.com/brush-7b-P69517,464.0,373.40000000000003
Eye Brushes,Bobbi Brown,Ultra Fine Eye Liner Brush,29,4.5886,http://www.sephora.com/ultra-fine-eye-liner-brush-P270580,334.0,270.5
Eye Brushes,SEPHORA COLLECTION,Smoke Machine Smokey Eye Brush Set,39,4.4858,http://www.sephora.com/smoke-machine-smokey-eye-brush-set-P377122,247.0,201.90000000000003
Hand Cream & Foot Cream,L’Occitane,Hand Creams,12,4.545,http://www.sephora.com/hand-creams-P307907,1551.0,1242.4
Hand Cream & Foot Cream,Jack Black,Industrial Strength Hand Healer,15,4.6701,http://www.sephora.com/industrial-strength-hand-healer-P12572,394.0,317.1
Hand Cream & Foot Cream,L’Occitane,Shea Butter Foot Cream,28,4.6791,http://www.sephora.com/shea-butter-foot-cream-P39679,297.0,240.8
Hand Cream & Foot Cream,SEPHORA COLLECTION,Foot Mask,5,4.4605,http://www.sephora.com/foot-mask-P408904,219.0,176.10000000000002
Hand Cream & Foot Cream,Clarins,Hand and Nail Treatment Cream,30,4.5286,http://www.sephora.com/hand-nail-treatment-cream-P247517,211.0,172.20000000000002
Blemish & Acne Treatments,GLAMGLOW,SUPERMUD® Clearing Treatment,69,4.2119,http://www.sephora.com/super-mud-clearing-treatment-P376409,3501.0,2808.1000000000004
Blemish & Acne Treatments,Kate Somerville,EradiKate™ Acne Treatment,26,4.2958,http://www.sephora.com/eradikate-acne-treatment-P232903,2129.0,1706.2
Blemish & Acne Treatments,Murad,Oil-Control Mattifier SPF 15 PA++,40,4.1738,http://www.sephora.com/oil-control-mattifier-spf-15-pa-P227801,1764.0,1415.6000000000001
Blemish & Acne Treatments,Murad,Clarifying Cleanser,30,4.2884,http://www.sephora.com/clarifying-cleanser-P4016,1753.0,1405.8000000000002
Blemish & Acne Treatments,CLINIQUE,Acne Solutions Clear Skin System Starter Kit,27,3.957,http://www.sephora.com/acne-solutions-clear-skin-system-starter-kit-P188308,1303.0,1045.4
Night Creams,KORRES,Wild Rose + Vitamin C Advanced Brightening Sleeping Facial,48,4.2492,http://www.sephora.com/wild-rose-vitamin-c-advanced-brightening-sleeping-facial-P306883,1483.0,1191.6000000000001
Night Creams,GLAMGLOW,THIRSTYMUD™ Hydrating Treatment,22,4.2657,http://www.sephora.com/thirstymud-tm-hydrating-treatment-P384782,1382.0,1108.2
Night Creams,Ole Henriksen,Invigorating Night Transformation™ Gel,48,4.3079,http://www.sephora.com/invigorating-night-transformation-gel-P42330,1066.0,858.0000000000001
Night Creams,SUNDAY RILEY,Luna Sleeping Night Oil,55,4.0959,http://www.sephora.com/luna-sleeping-night-oil-P393718,994.0,801.1
Night Creams,Origins,High Potency Night-A-Mins™ Mineral-Enriched Renewal Cream,43,4.3608,http://www.sephora.com/high-potency-night-a-mins-mineral-enriched-renewal-cream-P297520,972.0,782.3000000000001
Highlighter,Yves Saint Laurent,TOUCHE ÉCLAT - Radiant Touch,42,4.3483,http://www.sephora.com/touche-eclat-radiant-touch-P218431,3710.0,2972.6
Highlighter,bareMinerals,bareMinerals All-Over Face Color,21,4.5853,http://www.sephora.com/bareminerals-all-over-face-color-P61005,3278.0,2624.9
Highlighter,BECCA,Shimmering Skin Perfector® Pressed Highlighter,38,4.6242,http://www.sephora.com/shimmering-skin-perfector-pressed-P381176,2798.0,2242.6
Highlighter,NARS,The Multiple,39,4.3558,http://www.sephora.com/the-multiple-P2866,2509.0,2011.5
Highlighter,Benefit Cosmetics,High Beam Liquid Face Highlighter,26,4.3775,http://www.sephora.com/high-beam-liquid-face-highlighter-P1281,2488.0,1993.4
Concealer,NARS,Radiant Creamy Concealer,13,4.3249,http://www.sephora.com/radiant-creamy-concealer-P377873,7075.0,5661.7
Concealer,Benefit Cosmetics,Erase Paste Brightening Concealer,26,4.1416,http://www.sephora.com/erase-paste-brightening-concealer-P208603,4707.0,3768.6000000000004
Concealer,Benefit Cosmetics,Boi-ing Industrial-Strength Full Coverage Concealer,20,4.192,http://www.sephora.com/boi-ing-indistrial-strength-full-coverage-concealer-P1273,4573.0,3660.8
Concealer,MAKE UP FOR EVER,Full Cover Concealer,34,4.3525,http://www.sephora.com/full-cover-concealer-P151107,4413.0,3534.2000000000003
Concealer,bareMinerals,bareMinerals Broad Spectrum Multi-Tasking Face,20,4.5066,http://www.sephora.com/bareminerals-broad-spectrum-multi-tasking-face-P61006,4101.0,3283.2000000000003
Sheet Masks,SEPHORA COLLECTION,Face Mask,6,3.9768,http://www.sephora.com/face-mask-P392104,1379.0,1104.1000000000001
Sheet Masks,SEPHORA COLLECTION,Face Mask,6,4.2158,http://www.sephora.com/face-mask-P407006,552.0,442.6
Sheet Masks,boscia,Charcoal Pore-Minimizing Hydrogel Mask,8,2.7518,http://www.sephora.com/charcoal-pore-minimizing-hydrogel-mask-P395247,420.0,337.0
Sheet Masks,SEPHORA COLLECTION,Eye Mask,5,3.9856,http://www.sephora.com/eye-mask-P394903,351.0,281.6
Sheet Masks,Dr. Jart+,Water Replenishment Cotton Sheet Mask,7,4.5451,http://www.sephora.com/water-replenishment-cotton-sheet-mask-P391363,294.0,236.3
Bronzer,NARS,Bronzing Powder,40,4.7045,http://www.sephora.com/bronzing-powder-P12790,3234.0,2591.6000000000004
Bronzer,Too Faced,Soleil Matte Bronzer,30,4.6644,http://www.sephora.com/chocolate-soleil-medium-deep-matte-bronzer-P229406,2514.0,2014.6000000000001
Bronzer,NARS,The Multiple,39,4.3558,http://www.sephora.com/the-multiple-P2866,2509.0,2011.5
Bronzer,NARS,Blush/Bronzer Duo,24,4.4972,http://www.sephora.com/blush-bronzer-duo-P104006,2472.0,1980.4
Bronzer,Benefit Cosmetics,Hoola Matte Bronzer,15,4.5612,http://www.sephora.com/hoola-matte-bronzer-P290636,1981.0,1586.7000000000003
Volume,Living Proof,Full Thickening Cream,15,4.1272,http://www.sephora.com/full-thickening-cream-P254603,2161.0,1730.7000000000003
Volume,Bumble and bumble,Surf Spray,16,3.6327,http://www.sephora.com/surf-spray-P280513,2090.0,1673.9
Volume,Drybar,Detox Dry Shampoo,13,3.8006,http://www.sephora.com/detox-dry-shampoo-P378169,1617.0,1295.2
Volume,Rita Hazan,Root Concealer Touch-Up Spray Temporary Gray Coverage,25,3.9255,http://www.sephora.com/root-concealer-touch-up-spray-temporary-gray-coverage-P282611,1558.0,1249.2
Volume,Living Proof,Prime Style Extender™,12,4.3771,http://www.sephora.com/prime-style-extender-P375668,1420.0,1137.6
Face Primer,Urban Decay,All Nighter Long-Lasting Makeup Setting Spray,15,4.3977,http://www.sephora.com/all-nighter-long-lasting-makeup-setting-spray-P263504,5672.0,4539.5
Face Primer,Smashbox,Iconic Photo Finish Foundation Primer,10,4.3272,http://www.sephora.com/photo-finish-foundation-primer-P9889,5479.0,4384.599999999999
Face Primer,Benefit Cosmetics,The POREfessional Face Primer,12,4.0911,http://www.sephora.com/the-porefessional-face-primer-P264900,4885.0,3909.6
Face Primer,Hourglass,Veil Mineral Primer,19,4.343999999999999,http://www.sephora.com/veil-mineral-primer-P210575,4378.0,3504.7000000000003
Face Primer,bareMinerals,Prime Time™ Foundation Primer,25,4.4021,http://www.sephora.com/prime-time-foundation-primer-P182405,3178.0,2545.3
Eye Palettes,Urban Decay,Naked Palette,54,4.7768,http://www.sephora.com/naked-palette-P267200,7957.0,6371.400000000001
Eye Palettes,Urban Decay,Naked2 Palette,54,4.6603,http://www.sephora.com/naked2-P302916,6545.0,5241.8
Eye Palettes,Urban Decay,Naked3 Palette,54,4.4349,http://www.sephora.com/naked3-P384099,5476.0,4386.6
Eye Palettes,Too Faced,Natural Eye Neutral Eye Shadow Collection,36,4.6597,http://www.sephora.com/natural-eye-neutral-eye-shadow-collection-P241303,4107.0,3289.6000000000004
Eye Palettes,Anastasia Beverly Hills,Modern Renaissance Eye Shadow Palette,42,4.8266,http://www.sephora.com/modern-renaissance-eye-shadow-palette-P409118,4049.0,3243.8
Setting Spray & Powder,Urban Decay,All Nighter Long-Lasting Makeup Setting Spray,15,4.3979,http://www.sephora.com/all-nighter-long-lasting-makeup-setting-spray-P263504,5672.0,4539.5
Setting Spray & Powder,bareMinerals,Mineral Veil,22,4.5866,http://www.sephora.com/mineral-veil-P61004,5486.0,4391.400000000001
Setting Spray & Powder,Laura Mercier,Translucent Loose Setting Powder,23,4.4786,http://www.sephora.com/translucent-loose-setting-powder-P109908,4223.0,3381.1
Setting Spray & Powder,bareMinerals,bareMinerals All-Over Face Color,21,4.5853,http://www.sephora.com/bareminerals-all-over-face-color-P61005,3278.0,2624.9
Setting Spray & Powder,Urban Decay,De-Slick Oil-Control Makeup Setting Spray,15,3.9326,http://www.sephora.com/de-slick-oil-control-makeup-setting-spray-P277222,3053.0,2444.2000000000003
Under-Eye Concealer,NARS,Radiant Creamy Concealer,13,4.3237,http://www.sephora.com/radiant-creamy-concealer-P377873,7075.0,5661.7
Under-Eye Concealer,Benefit Cosmetics,Erase Paste Brightening Concealer,26,4.1416,http://www.sephora.com/erase-paste-brightening-concealer-P208603,4707.0,3768.6000000000004
Under-Eye Concealer,Benefit Cosmetics,Boi-ing Industrial-Strength Full Coverage Concealer,20,4.192,http://www.sephora.com/boi-ing-indistrial-strength-full-coverage-concealer-P1273,4573.0,3660.8
Under-Eye Concealer,MAKE UP FOR EVER,Full Cover Concealer,34,4.3525,http://www.sephora.com/full-cover-concealer-P151107,4413.0,3534.2000000000003
Under-Eye Concealer,bareMinerals,bareMinerals Broad Spectrum Multi-Tasking Face,20,4.5066,http://www.sephora.com/bareminerals-broad-spectrum-multi-tasking-face-P61006,4101.0,3283.2000000000003
Body Lotions & Body Oils,Sol de Janeiro,Brazilian Bum Bum Cream,20,4.2624,http://www.sephora.com/brazilian-bum-bum-cream-P406080,1109.0,889.6
Body Lotions & Body Oils,Josie Maran,Whipped Argan Oil Body Butter,12,4.5374,http://www.sephora.com/whipped-argan-oil-body-butter-P287700,1009.0,808.8000000000001
Body Lotions & Body Oils,DERMAdoctor,KP Duty® Lotion,10,4.1314,http://www.sephora.com/kp-duty-lotion-P73509,936.0,750.2
Body Lotions & Body Oils,Caudalie,Divine Oil,32,4.4566,http://www.sephora.com/divine-oil-P374502,867.0,697.2
Body Lotions & Body Oils,LAVANILA,The Healthy Body Butter,19,4.5423,http://www.sephora.com/the-healthy-body-butter-P191003,852.0,683.9
Anti-Aging,Foreo,LUNA™ mini,99,4.44,http://www.sephora.com/luna-mini-P387258,453.0,372.70000000000005
Anti-Aging,GLO Science,GLO Brilliant™ Teeth Whitening Device,220,4.0842,http://www.sephora.com/glo-brilliant-teeth-whitening-device-P281835,406.0,347.2
Anti-Aging,Tria,Hair Removal Laser 4X,449,4.1555,http://www.sephora.com/hair-removal-laser-4x-P377817,284.0,272.5
Anti-Aging,Foreo,LUNA™ mini 2,139,4.6346,http://www.sephora.com/luna-mini-2-P404444,317.0,267.90000000000003
Anti-Aging,DERMAFLASH,DERMAFLASH Facial Exfoliating Device,189,4.1772,http://www.sephora.com/dermaflash-facial-exfoliating-device-P404207,160.0,147.3
Hair Color,Rita Hazan,Root Concealer Touch-Up Spray Temporary Gray Coverage,25,3.9255,http://www.sephora.com/root-concealer-touch-up-spray-temporary-gray-coverage-P282611,1558.0,1249.2
Hair Color,ALTERNA Haircare,CAVIAR CC Cream for Hair 10-in-1 Complete Correction,25,4.2898,http://www.sephora.com/caviar-cc-cream-for-hair-10-in-1-complete-correction-P378716,1020.0,818.9
Hair Color,ALTERNA Haircare,Bamboo Smooth Kendi Oil Dry Oil Mist,25,4.5501,http://www.sephora.com/bamboo-smooth-kendi-oil-dry-oil-mist-P278004,810.0,650.9
Hair Color,Briogeo,"Don’t Despair, Repair!™ Deep Conditioning Mask",9,3.9734,http://www.sephora.com/dont-despair-repair-deep-conditioning-mask-P388628,723.0,579.6
Hair Color,Ouai,Wave Spray,12,3.7,http://www.sephora.com/wave-spray-P406665,565.0,453.5
Moisturizer & Treatments,Bite Beauty,Agave Lip Mask,26,4.4229,http://www.sephora.com/agave-lip-mask-P384629,2845.0,2279.0
Moisturizer & Treatments,Jack Black,Intense Therapy Lip Balm SPF 25,7,4.6912,http://www.sephora.com/intense-therapy-lip-balm-spf-25-P12573,2647.0,2118.7
Moisturizer & Treatments,Perfekt,Skin Perfection Gel,19,4.0603,http://www.sephora.com/skin-perfection-gel-P119802,1742.0,1395.9
Moisturizer & Treatments,boscia,Oil-Free Daily Hydration SPF 15,36,4.0205,http://www.sephora.com/oil-free-daily-hydration-spf-15-P61207,1217.0,977.6
Moisturizer & Treatments,Peter Thomas Roth,Max Complexion Correction Pads,40,4.4257,http://www.sephora.com/max-complexion-correction-pads-P114902,1109.0,891.6
Eye Creams & Treatments,Origins,GinZing™ Refreshing Eye Cream,30,3.8551,http://www.sephora.com/ginzing-refreshing-eye-cream-P297511,1826.0,1464.1000000000001
Eye Creams & Treatments,Shiseido,Benefiance WrinkleResist24 Intensive Eye Contour Cream,57,4.2744,http://www.sephora.com/benefiance-wrinkleresist24-intensive-eye-contour-cream-P173620,1537.0,1235.7
Eye Creams & Treatments,CLINIQUE,All About Eyes,32,4.0794,http://www.sephora.com/all-about-eyes-P122774,1437.0,1153.2
Eye Creams & Treatments,CLINIQUE,All About Eyes™ Rich,32,4.1915,http://www.sephora.com/all-about-eyes-rich-P174502,1268.0,1018.0000000000001
Eye Creams & Treatments,CLINIQUE,All About Eyes Serum De-Puffing Eye Massage,30,3.7995,http://www.sephora.com/all-about-eyes-serum-de-puffing-eye-massage-P257537,819.0,658.5
Lip Gloss,Buxom,Full-On™ Lip Polish,20,4.6354,http://www.sephora.com/buxom-full-on-lip-polish-P174213,11127.0,8904.0
Lip Gloss,SEPHORA COLLECTION,Ultra Shine Lip Gel,5,4.4396,http://www.sephora.com/ultra-shine-lip-gloss-P266811,2533.0,2027.3000000000002
Lip Gloss,Yves Saint Laurent,Vernis À Lèvres Glossy Lip Stain,36,4.2328,http://www.sephora.com/rouge-pur-couturevernis-a-levres-glossy-stain-P304003,2135.0,1712.0
Lip Gloss,Buxom,Full-On™ Lip Cream,20,4.6134,http://www.sephora.com/buxom-full-on-lip-cream-P305132,1872.0,1500.0000000000002
Lip Gloss,CLINIQUE,Superbalm Moisturizing Gloss,17,4.5347,http://www.sephora.com/superbalm-moisturizing-gloss-P194400,1672.0,1339.7
Moisturizers,philosophy,Hope In A Jar,44,3.9925,http://www.sephora.com/hope-in-a-jar-P4633,6666.0,5337.5
Moisturizers,Josie Maran,100 percent Pure Argan Oil,16,4.5182,http://www.sephora.com/100-percent-pure-argan-oil-P218700,6659.0,5329.200000000001
Moisturizers,First Aid Beauty,Ultra Repair® Cream Intense Hydration,6,4.5938,http://www.sephora.com/ultra-repair-cream-intense-hydration-P248407,5174.0,4140.2
Moisturizers,CLINIQUE,Dramatically Different Moisturizing Gel,5,4.4649,http://www.sephora.com/dramatically-different-moisturizing-gel-P122900,2929.0,2344.1000000000004
Moisturizers,CLINIQUE,Moisture Surge Extended Thirst Relief,12,4.5,http://www.sephora.com/moisture-surge-extended-thirst-relief-P209117,2394.0,1916.8
